"NVP_BID_NR","SVC_GRP_NR","SVC_GRP_SUF_NR","DEL_ZN_NR","WGT_MS_UNT_TYP_CD","WGT_CGY_WGY_QY","PKGVOL","WEIGHT"
"I110000891","ACCRVJG","00","103   ","LB",0,0.0153101,0
"I110000891","ACCRVJG","00","104   ","LB",0,0.0118799,0
"I110000891","ACCRVJG","00","105   ","LB",0,0.0167361,0
"I110000891","ACCRVJG","00","106   ","LB",0,0.0108073,0
"I110000891","ACCRVJG","00","107   ","LB",0,0.0056119,0
"I110000891","ACCRVJG","00","108   ","LB",0,0.0396548,0
"I110000891","ACCRVJH","00","105   ","LB",2,247.2574,2
"I110000891","ACCRVJH","00","105   ","LB",3,247.2574,3
"I110000891","ACCRVJH","00","105   ","LB",4,247.2574,4
"I110000891","ACCRVJH","00","105   ","LB",17,247.2574,17
"I110000891","ACCRVJH","00","105   ","LB",20,247.2574,20
"I110000891","ACCRVJI","00","133   ","LB",0,0.014943,0
"I110000891","ACCRVJI","00","134   ","LB",0,0.0132802,0
"I110000891","ACCRVJI","00","135   ","LB",0,0.0165155,0
"I110000891","ACCRVJI","00","136   ","LB",0,0.0113931,0
"I110000891","ACCRVJI","00","137   ","LB",0,0.0059762,0
"I110000891","ACCRVJI","00","138   ","LB",0,0.0378921,0
"I110000891","ACCRVJJ","00","135   ","LB",1,279.5734,1
"I110000891","ACCRVJJ","00","135   ","LB",3,139.7867,3
"I110000891","ACCRVJJ","00","135   ","LB",4,139.7867,4
"I110000891","ACCRVJJ","00","135   ","LB",7,139.7867,7
"I110000891","ACCRVJJ","00","135   ","LB",9,139.7867,9
"I110000891","ACCRVJJ","00","135   ","LB",11,279.5734,11
"I110000891","ACCRVJJ","00","135   ","LB",18,139.7867,18
"I110000891","ACCRVJJ","00","136   ","LB",7,139.7867,7
"I110000891","ACCRVJK","00","203   ","LB",0,0.0138758,0
"I110000891","ACCRVJK","00","204   ","LB",0,0.0118061,0
"I110000891","ACCRVJK","00","205   ","LB",0,0.017832,0
"I110000891","ACCRVJK","00","206   ","LB",0,0.014718,0
"I110000891","ACCRVJK","00","207   ","LB",0,0.0089108,0
"I110000891","ACCRVJK","00","208   ","LB",0,0.0328573,0
"I110000891","ACCRVJL","00","202   ","LB",3,1777.29725,3
"I110000891","ACCRVJL","00","205   ","LB",1,1777.29725,1
"I110000891","ACCRVJL","00","205   ","LB",3,3554.5945,3
"I110000891","ACCRVJL","00","205   ","LB",4,3554.5945,4
"I110000891","ACCRVJL","00","205   ","LB",7,1777.29725,7
"I110000891","ACCRVJL","00","205   ","LB",9,1777.29725,9
"I110000891","ACCRVJM","00","243   ","LB",0,0.01949,0
"I110000891","ACCRVJM","00","244   ","LB",0,0.0131811,0
"I110000891","ACCRVJM","00","245   ","LB",0,0.0196303,0
"I110000891","ACCRVJM","00","246   ","LB",0,0.0124425,0
"I110000891","ACCRVJM","00","247   ","LB",0,0.007129,0
"I110000891","ACCRVJM","00","248   ","LB",0,0.0281271,0
"I110000891","ACCRVJN","00","243   ","LB",1,0.01949,1
"I110000891","ACCRVJN","00","244   ","LB",1,0.0131811,1
"I110000891","ACCRVJN","00","245   ","LB",1,0.0196303,1
"I110000891","ACCRVJN","00","246   ","LB",1,0.0124425,1
"I110000891","ACCRVJN","00","247   ","LB",1,0.007129,1
"I110000891","ACCRVJN","00","248   ","LB",1,0.0281271,1
"I930000891","ACCRVGH","00","103   ","LB",0,0.0153101,0
"I930000891","ACCRVGH","00","104   ","LB",0,0.0118799,0
"I930000891","ACCRVGH","00","105   ","LB",0,0.0167361,0
"I930000891","ACCRVGH","00","106   ","LB",0,0.0108073,0
"I930000891","ACCRVGH","00","107   ","LB",0,0.0056119,0
"I930000891","ACCRVGH","00","108   ","LB",0,0.0396548,0
"I930000891","ACCRVGI","00","105   ","LB",2,1.072,2
"I930000891","ACCRVGI","00","105   ","LB",3,1.072,3
"I930000891","ACCRVGI","00","105   ","LB",4,1.072,4
"I930000891","ACCRVGI","00","105   ","LB",17,1.072,17
"I930000891","ACCRVGI","00","105   ","LB",20,1.072,20
"I930000891","ACCRVGJ","00","133   ","LB",0,0.014943,0
"I930000891","ACCRVGJ","00","134   ","LB",0,0.0132802,0
"I930000891","ACCRVGJ","00","135   ","LB",0,0.0165155,0
"I930000891","ACCRVGJ","00","136   ","LB",0,0.0113931,0
"I930000891","ACCRVGJ","00","137   ","LB",0,0.0059762,0
"I930000891","ACCRVGJ","00","138   ","LB",0,0.0378921,0
"I930000891","ACCRVGK","00","135   ","LB",1,1.2294,1
"I930000891","ACCRVGK","00","135   ","LB",3,0.6147,3
"I930000891","ACCRVGK","00","135   ","LB",4,0.6147,4
"I930000891","ACCRVGK","00","135   ","LB",7,0.6147,7
"I930000891","ACCRVGK","00","135   ","LB",9,0.6147,9
"I930000891","ACCRVGK","00","135   ","LB",11,1.2294,11
"I930000891","ACCRVGK","00","135   ","LB",18,0.6147,18
"I930000891","ACCRVGK","00","136   ","LB",7,0.6147,7
"I930000891","ACCRVGL","00","002   ","LB",20,71.528,20
"I930000891","ACCRVGN","00","002   ","LB",20,55.099,20
"I930000891","ACCRVGO","00","203   ","LB",0,0.0138758,0
"I930000891","ACCRVGO","00","204   ","LB",0,0.0118061,0
"I930000891","ACCRVGO","00","205   ","LB",0,0.017832,0
"I930000891","ACCRVGO","00","206   ","LB",0,0.014718,0
"I930000891","ACCRVGO","00","207   ","LB",0,0.0089108,0
"I930000891","ACCRVGO","00","208   ","LB",0,0.0328573,0
"I930000891","ACCRVGP","00","202   ","LB",3,6.006125,3
"I930000891","ACCRVGP","00","205   ","LB",1,6.006125,1
"I930000891","ACCRVGP","00","205   ","LB",3,12.01225,3
"I930000891","ACCRVGP","00","205   ","LB",4,12.01225,4
"I930000891","ACCRVGP","00","205   ","LB",7,6.006125,7
"I930000891","ACCRVGP","00","205   ","LB",9,6.006125,9
"I930000891","ACCRVGQ","00","243   ","LB",0,0.01949,0
"I930000891","ACCRVGQ","00","244   ","LB",0,0.0131811,0
"I930000891","ACCRVGQ","00","245   ","LB",0,0.0196303,0
"I930000891","ACCRVGQ","00","246   ","LB",0,0.0124425,0
"I930000891","ACCRVGQ","00","247   ","LB",0,0.007129,0
"I930000891","ACCRVGQ","00","248   ","LB",0,0.0281271,0
"I930000891","ACCRVGR","00","243   ","LB",1,0.01949,1
"I930000891","ACCRVGR","00","244   ","LB",1,0.0131811,1
"I930000891","ACCRVGR","00","245   ","LB",1,0.0196303,1
"I930000891","ACCRVGR","00","246   ","LB",1,0.0124425,1
"I930000891","ACCRVGR","00","247   ","LB",1,0.007129,1
"I930000891","ACCRVGR","00","248   ","LB",1,0.0281271,1
"I930000891","ACCRVGS","00","376   ","LB",1,0.068952381,1
"I930000891","ACCRVGS","00","376   ","LB",2,0.068952381,2
"I930000891","ACCRVGS","00","376   ","LB",3,0.068952381,3
"I930000891","ACCRVGS","00","376   ","LB",4,0.0344761905,4
"I930000891","ACCRVGS","00","376   ","LB",9,0.0344761905,9
"I930000891","ACCRVGS","00","376   ","LB",10,0.0344761905,10
"I930000891","ACCRVGS","00","376   ","LB",12,0.0344761905,12
"I930000891","ACCRVGS","00","376   ","LB",14,0.0344761905,14
"I930000891","ACCRVGS","00","376   ","LB",30,0.2068571429,30
"I930000891","ACCRVGS","00","376   ","LB",42,0.0344761905,42
"I930000891","ACCRVGS","00","376   ","LB",61,0.0344761905,61
"I930000891","ACCRVGS","00","376   ","LB",75,0.0344761905,75
"I930000891","ACCRVGS","00","376   ","LB",80,0.0344761905,80
"I930000891","ACCRVGS","00","376   ","LB",121,0.0344761905,121
"I930000891","ACCRVGS","00","376   ","LB",147,0.0344761905,147
"I930000891","ACCRVGS","00","376   ","LB",151,0.068952381,151
"I930000891","ACCRVGS","00","378   ","LB",1,0.1379047619,1
"I930000891","ACCRVGS","00","378   ","LB",3,0.1034285714,3
"I930000891","ACCRVGS","00","378   ","LB",4,0.0344761905,4
"I930000891","ACCRVGS","00","378   ","LB",6,0.0344761905,6
"I930000891","ACCRVGS","00","378   ","LB",7,0.0344761905,7
"I930000891","ACCRVGS","00","378   ","LB",9,0.0344761905,9
"I930000891","ACCRVGS","00","378   ","LB",18,0.0344761905,18
"I930000891","ACCRVGS","00","378   ","LB",29,0.0344761905,29
"I930000891","ACCRVGS","00","378   ","LB",30,0.1034285714,30
"I930000891","ACCRVGS","00","378   ","LB",31,0.068952381,31
"I930000891","ACCRVGS","00","378   ","LB",33,0.0344761905,33
"I930000891","ACCRVGS","00","378   ","LB",36,0.0344761905,36
"I930000891","ACCRVGS","00","378   ","LB",39,0.0344761905,39
"I930000891","ACCRVGS","00","378   ","LB",41,0.0344761905,41
"I930000891","ACCRVGS","00","378   ","LB",45,0.0344761905,45
"I930000891","ACCRVGS","00","378   ","LB",74,0.0344761905,74
"I930000891","ACCRVGS","00","378   ","LB",75,0.0344761905,75
"I930000891","ACCRVGS","00","378   ","LB",85,0.0344761905,85
"I930000891","ACCRVGS","00","378   ","LB",105,0.0344761905,105
"I930000891","ACCRVGS","00","378   ","LB",122,0.0344761905,122
"I930000891","ACCRVGS","00","380   ","LB",1,0.1723809524,1
"I930000891","ACCRVGS","00","380   ","LB",2,0.1034285714,2
"I930000891","ACCRVGS","00","380   ","LB",3,0.1379047619,3
"I930000891","ACCRVGS","00","380   ","LB",4,0.1034285714,4
"I930000891","ACCRVGS","00","380   ","LB",5,0.1034285714,5
"I930000891","ACCRVGS","00","380   ","LB",7,0.068952381,7
"I930000891","ACCRVGS","00","380   ","LB",8,0.068952381,8
"I930000891","ACCRVGS","00","380   ","LB",12,0.068952381,12
"I930000891","ACCRVGS","00","380   ","LB",13,0.068952381,13
"I930000891","ACCRVGS","00","380   ","LB",14,0.0344761905,14
"I930000891","ACCRVGS","00","380   ","LB",17,0.0344761905,17
"I930000891","ACCRVGS","00","380   ","LB",20,0.0344761905,20
"I930000891","ACCRVGS","00","380   ","LB",28,0.0344761905,28
"I930000891","ACCRVGS","00","380   ","LB",30,0.068952381,30
"I930000891","ACCRVGS","00","380   ","LB",40,0.068952381,40
"I930000891","ACCRVGS","00","380   ","LB",42,0.0344761905,42
"I930000891","ACCRVGS","00","380   ","LB",45,0.0344761905,45
"I930000891","ACCRVGS","00","380   ","LB",50,0.0344761905,50
"I930000891","ACCRVGS","00","380   ","LB",75,0.0344761905,75
"I930000891","ACCRVGS","00","380   ","LB",81,0.0344761905,81
"I930000891","ACCRVGS","00","380   ","LB",90,0.0344761905,90
"I930000891","ACCRVGS","00","380   ","LB",105,0.0344761905,105
"I930000891","ACCRVGS","00","380   ","LB",138,0.0344761905,138
"I930000891","ACCRVGS","00","380   ","LB",150,0.1723809524,150
"I930000891","ACCRVGT","00","051   ","LB",1,0.6927380952,1
"I930000891","ACCRVGT","00","051   ","LB",2,0.0629761905,2
"I930000891","ACCRVGT","00","051   ","LB",3,0.1889285714,3
"I930000891","ACCRVGT","00","051   ","LB",4,0.0629761905,4
"I930000891","ACCRVGT","00","051   ","LB",5,0.0629761905,5
"I930000891","ACCRVGT","00","051   ","LB",7,0.0629761905,7
"I930000891","ACCRVGT","00","051   ","LB",8,0.0629761905,8
"I930000891","ACCRVGT","00","051   ","LB",17,0.0629761905,17
"I930000891","ACCRVGT","00","051   ","LB",20,0.0629761905,20
"I930000891","ACCRVGT","00","051   ","LB",21,0.0629761905,21
"I930000891","ACCRVGT","00","051   ","LB",27,0.0629761905,27
"I930000891","ACCRVGT","00","051   ","LB",30,0.1889285714,30
"I930000891","ACCRVGT","00","051   ","LB",45,0.0629761905,45
"I930000891","ACCRVGT","00","051   ","LB",48,0.0629761905,48
"I930000891","ACCRVGT","00","051   ","LB",54,0.0629761905,54
"I930000891","ACCRVGT","00","051   ","LB",68,0.0629761905,68
"I930000891","ACCRVGT","00","051   ","LB",128,0.0629761905,128
"I930000891","ACCRVGT","00","051   ","LB",135,0.0629761905,135
"I930000891","ACCRVGT","00","051   ","LB",150,0.1889285714,150
"I930000891","ACCRVGT","00","052   ","LB",1,0.2519047619,1
"I930000891","ACCRVGT","00","052   ","LB",2,0.125952381,2
"I930000891","ACCRVGT","00","052   ","LB",5,0.0629761905,5
"I930000891","ACCRVGT","00","052   ","LB",10,0.1889285714,10
"I930000891","ACCRVGT","00","052   ","LB",13,0.0629761905,13
"I930000891","ACCRVGT","00","052   ","LB",19,0.0629761905,19
"I930000891","ACCRVGT","00","052   ","LB",21,0.0629761905,21
"I930000891","ACCRVGT","00","052   ","LB",30,0.0629761905,30
"I930000891","ACCRVGT","00","052   ","LB",31,0.0629761905,31
"I930000891","ACCRVGT","00","052   ","LB",33,0.0629761905,33
"I930000891","ACCRVGT","00","052   ","LB",45,0.0629761905,45
"I930000891","ACCRVGT","00","052   ","LB",68,0.0629761905,68
"I930000891","ACCRVGT","00","052   ","LB",69,0.0629761905,69
"I930000891","ACCRVGT","00","052   ","LB",75,0.0629761905,75
"I930000891","ACCRVGT","00","052   ","LB",83,0.0629761905,83
"I930000891","ACCRVGT","00","053   ","LB",1,0.5038095238,1
"I930000891","ACCRVGT","00","053   ","LB",3,0.4408333333,3
"I930000891","ACCRVGT","00","053   ","LB",4,0.125952381,4
"I930000891","ACCRVGT","00","053   ","LB",5,0.0629761905,5
"I930000891","ACCRVGT","00","053   ","LB",7,0.0629761905,7
"I930000891","ACCRVGT","00","053   ","LB",9,0.0629761905,9
"I930000891","ACCRVGT","00","053   ","LB",10,0.0629761905,10
"I930000891","ACCRVGT","00","053   ","LB",13,0.0629761905,13
"I930000891","ACCRVGT","00","053   ","LB",18,0.0629761905,18
"I930000891","ACCRVGT","00","053   ","LB",25,0.0629761905,25
"I930000891","ACCRVGT","00","053   ","LB",32,0.0629761905,32
"I930000891","ACCRVGT","00","053   ","LB",40,0.0629761905,40
"I930000891","ACCRVGT","00","053   ","LB",45,0.0629761905,45
"I930000891","ACCRVGT","00","053   ","LB",50,0.0629761905,50
"I930000891","ACCRVGT","00","053   ","LB",51,0.0629761905,51
"I930000891","ACCRVGT","00","053   ","LB",96,0.0629761905,96
"I930000891","ACCRVGT","00","053   ","LB",98,0.0629761905,98
"I930000891","ACCRVGT","00","053   ","LB",112,0.0629761905,112
"I930000891","ACCRVGT","00","053   ","LB",150,0.0629761905,150
"I930000891","ACCRVGT","00","054   ","LB",2,0.0629761905,2
"I930000891","ACCRVGT","00","054   ","LB",25,0.0629761905,25
"I930000891","ACCRVGT","00","054   ","LB",30,0.0629761905,30
"I930000891","ACCRVGT","00","055   ","LB",2,0.125952381,2
"I930000891","ACCRVGT","00","055   ","LB",10,0.0629761905,10
"I930000891","ACCRVGT","00","055   ","LB",76,0.0629761905,76
"I930000891","ACCRVGT","00","056   ","LB",2,0.0629761905,2
"I930000891","ACCRVGT","00","056   ","LB",51,0.0629761905,51
"I930000891","ACCRVGT","00","056   ","LB",96,0.0629761905,96
"I930000891","ACCRVGT","00","056   ","LB",108,0.0629761905,108
"I930000891","ACCRVGU","00","305   ","LB",6,61.422,6
"I930000891","ACCRVGV","00","601   ","LB",1,0.0825714286,1
"I930000891","ACCRVGV","00","601   ","LB",2,0.0275238095,2
"I930000891","ACCRVGV","00","601   ","LB",3,0.0275238095,3
"I930000891","ACCRVGV","00","601   ","LB",4,0.0825714286,4
"I930000891","ACCRVGV","00","601   ","LB",5,0.3853333333,5
"I930000891","ACCRVGV","00","601   ","LB",6,0.1926666667,6
"I930000891","ACCRVGV","00","601   ","LB",9,0.0825714286,9
"I930000891","ACCRVGV","00","601   ","LB",11,0.0275238095,11
"I930000891","ACCRVGV","00","601   ","LB",12,0.6055238095,12
"I930000891","ACCRVGV","00","601   ","LB",17,0.0275238095,17
"I930000891","ACCRVGV","00","601   ","LB",18,0.4128571429,18
"I930000891","ACCRVGV","00","601   ","LB",20,0.1376190476,20
"I930000891","ACCRVGV","00","601   ","LB",21,0.0275238095,21
"I930000891","ACCRVGV","00","601   ","LB",25,0.055047619,25
"I930000891","ACCRVGV","00","601   ","LB",26,0.0275238095,26
"I930000891","ACCRVGV","00","601   ","LB",27,0.055047619,27
"I930000891","ACCRVGV","00","601   ","LB",28,0.0275238095,28
"I930000891","ACCRVGV","00","601   ","LB",31,0.0275238095,31
"I930000891","ACCRVGV","00","601   ","LB",32,0.055047619,32
"I930000891","ACCRVGV","00","601   ","LB",37,0.055047619,37
"I930000891","ACCRVGV","00","601   ","LB",44,0.0275238095,44
"I930000891","ACCRVGV","00","601   ","LB",51,0.0275238095,51
"I930000891","ACCRVGV","00","601   ","LB",53,0.0275238095,53
"I930000891","ACCRVGV","00","601   ","LB",103,0.0275238095,103
"I930000891","ACCRVGV","00","603   ","LB",5,0.0275238095,5
"I930000891","ACCRVGV","00","603   ","LB",12,0.0825714286,12
"I930000891","ACCRVGV","00","603   ","LB",16,0.0275238095,16
"I930000891","ACCRVGV","00","607   ","LB",5,0.0275238095,5
"I930000891","ACCRVGV","00","607   ","LB",12,0.0275238095,12
"I930000891","ACCRVGV","00","607   ","LB",18,0.0275238095,18
"I930000891","ACCRVGW","00","081   ","LB",5,0.0084285714,5
"I930000891","ACCRVGW","00","081   ","LB",16,0.0084285714,16
"I930000891","ACCRVGW","00","901   ","LB",1,0.2781428571,1
"I930000891","ACCRVGW","00","901   ","LB",2,0.1685714286,2
"I930000891","ACCRVGW","00","901   ","LB",3,0.0505714286,3
"I930000891","ACCRVGW","00","901   ","LB",4,0.0252857143,4
"I930000891","ACCRVGW","00","901   ","LB",6,0.0168571429,6
"I930000891","ACCRVGW","00","901   ","LB",7,0.0252857143,7
"I930000891","ACCRVGW","00","901   ","LB",8,0.0084285714,8
"I930000891","ACCRVGW","00","901   ","LB",9,0.0084285714,9
"I930000891","ACCRVGW","00","901   ","LB",27,0.0084285714,27
"I930000891","ACCRVGW","00","903   ","LB",1,0.0252857143,1
"I930000891","ACCRVGW","00","903   ","LB",4,0.0084285714,4
"I930000891","ACCRVGW","00","903   ","LB",6,0.0084285714,6
"I930000891","ACCRVGW","00","903   ","LB",10,0.0084285714,10
"I930000891","ACCRVGW","00","904   ","LB",1,0.0252857143,1
"I930000891","ACCRVGW","00","905   ","LB",20,0.0084285714,20
"I930000891","ACCRVGW","00","907   ","LB",1,0.0084285714,1
"I930000891","ACCRVGW","00","907   ","LB",5,0.0084285714,5
"I930000891","ACCRVGW","00","909   ","LB",1,0.0842857143,1
"I930000891","ACCRVGW","00","909   ","LB",3,0.0084285714,3
"I930000891","ACCRVGW","00","909   ","LB",4,0.0084285714,4
"I930000891","ACCRVGW","00","911   ","LB",2,0.0084285714,2
"I930000891","ACCRVGW","00","912   ","LB",1,0.0084285714,1
"I930000891","ACCRVGW","00","912   ","LB",4,0.0084285714,4
"I930000891","ACCRVGW","00","913   ","LB",1,0.0084285714,1
"I930000891","ACCRVGX","00","081   ","LB",0,0.5344285714,0
"I930000891","ACCRVGX","00","082   ","LB",0,0.0248571429,0
"I930000891","ACCRVGX","00","084   ","LB",0,0.0497142857,0
"I930000891","ACCRVGX","00","901   ","LB",0,0.3107142857,0
"I930000891","ACCRVGX","00","903   ","LB",0,0.0621428571,0
"I930000891","ACCRVGX","00","904   ","LB",0,0.0372857143,0
"I930000891","ACCRVGX","00","907   ","LB",0,0.0248571429,0
"I930000891","ACCRVGX","00","909   ","LB",0,0.1118571429,0
"I930000891","ACCRVGX","00","911   ","LB",0,0.0124285714,0
"I930000891","ACCRVGX","00","912   ","LB",0,0.0372857143,0
"I930000891","ACCRVGX","00","913   ","LB",0,0.0372857143,0
"I930000891","ACCRVGY","00","081   ","LB",1,0.0137142857,1
"I930000891","ACCRVGY","00","081   ","LB",2,0.003047619,2
"I930000891","ACCRVGY","00","081   ","LB",3,0.0060952381,3
"I930000891","ACCRVGY","00","081   ","LB",4,0.0015238095,4
"I930000891","ACCRVGY","00","081   ","LB",5,0.0015238095,5
"I930000891","ACCRVGY","00","081   ","LB",6,0.003047619,6
"I930000891","ACCRVGY","00","081   ","LB",7,0.0015238095,7
"I930000891","ACCRVGY","00","081   ","LB",9,0.0045714286,9
"I930000891","ACCRVGY","00","081   ","LB",10,0.003047619,10
"I930000891","ACCRVGY","00","081   ","LB",11,0.0045714286,11
"I930000891","ACCRVGY","00","081   ","LB",12,0.0015238095,12
"I930000891","ACCRVGY","00","081   ","LB",13,0.0060952381,13
"I930000891","ACCRVGY","00","081   ","LB",14,0.0015238095,14
"I930000891","ACCRVGY","00","081   ","LB",15,0.0015238095,15
"I930000891","ACCRVGY","00","081   ","LB",16,0.003047619,16
"I930000891","ACCRVGY","00","081   ","LB",18,0.0015238095,18
"I930000891","ACCRVGY","00","081   ","LB",19,0.0015238095,19
"I930000891","ACCRVGY","00","081   ","LB",20,0.0015238095,20
"I930000891","ACCRVGY","00","081   ","LB",24,0.0015238095,24
"I930000891","ACCRVGY","00","081   ","LB",27,0.003047619,27
"I930000891","ACCRVGY","00","081   ","LB",30,0.003047619,30
"I930000891","ACCRVGY","00","081   ","LB",32,0.0015238095,32
"I930000891","ACCRVGY","00","081   ","LB",38,0.0015238095,38
"I930000891","ACCRVGY","00","081   ","LB",45,0.0015238095,45
"I930000891","ACCRVGY","00","081   ","LB",48,0.0015238095,48
"I930000891","ACCRVGY","00","081   ","LB",49,0.0015238095,49
"I930000891","ACCRVGY","00","081   ","LB",50,0.0015238095,50
"I930000891","ACCRVGY","00","081   ","LB",56,0.0015238095,56
"I930000891","ACCRVGY","00","081   ","LB",60,0.0015238095,60
"I930000891","ACCRVGY","00","081   ","LB",62,0.0015238095,62
"I930000891","ACCRVGY","00","081   ","LB",63,0.0015238095,63
"I930000891","ACCRVGY","00","081   ","LB",65,0.0015238095,65
"I930000891","ACCRVGY","00","081   ","LB",67,0.0015238095,67
"I930000891","ACCRVGY","00","081   ","LB",74,0.003047619,74
"I930000891","ACCRVGY","00","081   ","LB",106,0.0015238095,106
"I930000891","ACCRVGY","00","081   ","LB",126,0.0015238095,126
"I930000891","ACCRVGY","00","081   ","LB",196,0.0015238095,196
"I930000891","ACCRVGY","00","082   ","LB",3,0.0015238095,3
"I930000891","ACCRVGY","00","084   ","LB",8,0.0015238095,8
"I930000891","ACCRVGY","00","084   ","LB",9,0.0015238095,9
"I930000891","ACCRVGY","00","084   ","LB",11,0.0015238095,11
"I930000891","ACCRVGY","00","901   ","LB",1,0.003047619,1
"I930000891","ACCRVGY","00","901   ","LB",2,0.0045714286,2
"I930000891","ACCRVGY","00","901   ","LB",3,0.0015238095,3
"I930000891","ACCRVGY","00","901   ","LB",4,0.0015238095,4
"I930000891","ACCRVGY","00","901   ","LB",6,0.003047619,6
"I930000891","ACCRVGY","00","901   ","LB",13,0.0015238095,13
"I930000891","ACCRVGY","00","901   ","LB",14,0.0015238095,14
"I930000891","ACCRVGY","00","901   ","LB",18,0.0015238095,18
"I930000891","ACCRVGY","00","901   ","LB",19,0.003047619,19
"I930000891","ACCRVGY","00","901   ","LB",21,0.003047619,21
"I930000891","ACCRVGY","00","901   ","LB",22,0.0015238095,22
"I930000891","ACCRVGY","00","901   ","LB",56,0.0015238095,56
"I930000891","ACCRVGY","00","901   ","LB",60,0.0015238095,60
"I930000891","ACCRVGY","00","901   ","LB",66,0.0015238095,66
"I930000891","ACCRVGY","00","901   ","LB",83,0.0015238095,83
"I930000891","ACCRVGY","00","901   ","LB",150,0.0015238095,150
"I930000891","ACCRVGY","00","903   ","LB",2,0.0015238095,2
"I930000891","ACCRVGY","00","903   ","LB",11,0.0015238095,11
"I930000891","ACCRVGY","00","903   ","LB",13,0.0015238095,13
"I930000891","ACCRVGY","00","904   ","LB",59,0.0015238095,59
"I930000891","ACCRVGY","00","907   ","LB",17,0.0015238095,17
"I930000891","ACCRVGY","00","909   ","LB",14,0.0015238095,14
"I930000891","ACCRVGY","00","909   ","LB",38,0.0015238095,38
"I930000891","ACCRVGY","00","909   ","LB",150,0.0015238095,150
"I930000891","ACCRVGY","00","912   ","LB",2,0.0015238095,2
"I930000891","ACCRVGY","00","912   ","LB",4,0.0015238095,4
"I930000891","ACCRVGY","00","912   ","LB",33,0.0015238095,33
"I930000891","ACCRVGY","00","913   ","LB",27,0.0015238095,27
"I930000891","ACCRVGZ","00","901   ","LB",5,0.183452381,5
"I930000891","ACCRVGZ","00","901   ","LB",12,0.3669047619,12
"I930000891","ACCRVGZ","00","901   ","LB",18,1.4676190476,18
"I930000891","ACCRVGZ","00","901   ","LB",30,0.183452381,30
"I930000891","ACCRVGZ","00","901   ","LB",33,0.183452381,33
"I930000891","ACCRVGZ","00","903   ","LB",12,0.183452381,12
"I930000891","ACCRVGZ","00","903   ","LB",18,0.183452381,18
"I930000891","ACCRVHA","00","061   ","LB",1,0.0459285714,1
"I930000891","ACCRVHA","00","656   ","LB",18,0.0153095238,18
"I930000891","ACCRVHA","00","657   ","LB",1,0.0153095238,1
"I930000891","ACCRVHA","00","659   ","LB",2,0.0153095238,2
"I930000891","ACCRVHA","00","662   ","LB",2,0.0153095238,2
"I930000891","ACCRVHA","00","662   ","LB",47,0.0153095238,47
"I930000891","ACCRVHA","00","662   ","LB",72,0.0153095238,72
"I930000891","ACCRVHA","00","681   ","LB",3,0.0153095238,3
"I930000891","ACCRVHA","00","681   ","LB",11,0.0153095238,11
"I930000891","ACCRVHA","00","681   ","LB",22,0.0153095238,22
"I930000891","ACCRVHA","00","681   ","LB",151,0.0153095238,151
"I930000891","ACCRVHA","00","692   ","LB",2,0.1224761905,2
"I930000891","ACCRVHB","00","071   ","LB",3,0.0075238095,3
"I930000891","ACCRVHB","00","074   ","LB",1,0.0075238095,1
"I930000891","ACCRVHB","00","601   ","LB",1,0.0978095238,1
"I930000891","ACCRVHB","00","601   ","LB",9,0.0075238095,9
"I930000891","ACCRVHB","00","602   ","LB",1,0.0526666667,1
"I930000891","ACCRVHB","00","602   ","LB",3,0.015047619,3
"I930000891","ACCRVHB","00","603   ","LB",1,0.015047619,1
"I930000891","ACCRVHB","00","604   ","LB",1,0.0075238095,1
"I930000891","ACCRVHB","00","605   ","LB",1,0.015047619,1
"I930000891","ACCRVHB","00","605   ","LB",3,0.0075238095,3
"I930000891","ACCRVHB","00","605   ","LB",6,0.0075238095,6
"I930000891","ACCRVHB","00","605   ","LB",23,0.0075238095,23
"I930000891","ACCRVHB","00","605   ","LB",33,0.0075238095,33
"I930000891","ACCRVHB","00","606   ","LB",1,0.015047619,1
"I930000891","ACCRVHB","00","609   ","LB",1,0.015047619,1
"I930000891","ACCRVHB","00","609   ","LB",5,0.0075238095,5
"I930000891","ACCRVHB","00","609   ","LB",12,0.0075238095,12
"I930000891","ACCRVHB","00","611   ","LB",1,0.0300952381,1
"I930000891","ACCRVHB","00","611   ","LB",4,0.0075238095,4
"I930000891","ACCRVHB","00","611   ","LB",12,0.0075238095,12
"I930000891","ACCRVHB","00","612   ","LB",1,0.0300952381,1
"I930000891","ACCRVHB","00","631   ","LB",1,0.0376190476,1
"I930000891","ACCRVHB","00","631   ","LB",2,0.0075238095,2
"I930000891","ACCRVHB","00","631   ","LB",4,0.0075238095,4
"I930000891","ACCRVHB","00","631   ","LB",7,0.0075238095,7
"I930000891","ACCRVHB","00","631   ","LB",11,0.0075238095,11
"I930000891","ACCRVHB","00","631   ","LB",12,0.0075238095,12
"I930000891","ACCRVHB","00","631   ","LB",14,0.0075238095,14
"I930000891","ACCRVHB","00","631   ","LB",23,0.0075238095,23
"I930000891","ACCRVHB","00","633   ","LB",1,0.0075238095,1
"I930000891","ACCRVHB","00","633   ","LB",3,0.0075238095,3
"I930000891","ACCRVHB","00","634   ","LB",1,0.015047619,1
"I930000891","ACCRVHB","00","635   ","LB",1,0.015047619,1
"I930000891","ACCRVHB","00","636   ","LB",1,0.0225714286,1
"I930000891","ACCRVHB","00","636   ","LB",3,0.0075238095,3
"I930000891","ACCRVHB","00","636   ","LB",4,0.0075238095,4
"I930000891","ACCRVHB","00","637   ","LB",1,0.0075238095,1
"I930000891","ACCRVHB","00","638   ","LB",1,0.0075238095,1
"I930000891","ACCRVHB","00","638   ","LB",2,0.015047619,2
"I930000891","ACCRVHB","00","639   ","LB",1,0.0225714286,1
"I930000891","ACCRVHB","00","639   ","LB",3,0.0075238095,3
"I930000891","ACCRVHB","00","639   ","LB",99,0.0075238095,99
"I930000891","ACCRVHB","00","641   ","LB",1,0.0376190476,1
"I930000891","ACCRVHB","00","641   ","LB",3,0.0225714286,3
"I930000891","ACCRVHB","00","641   ","LB",4,0.0376190476,4
"I930000891","ACCRVHB","00","641   ","LB",5,0.0225714286,5
"I930000891","ACCRVHB","00","641   ","LB",6,0.0075238095,6
"I930000891","ACCRVHB","00","641   ","LB",12,0.0075238095,12
"I930000891","ACCRVHC","00","061   ","LB",3,0.3373809524,3
"I930000891","ACCRVHD","00","071   ","LB",1,0.0069285714,1
"I930000891","ACCRVHD","00","071   ","LB",2,0.0023095238,2
"I930000891","ACCRVHD","00","071   ","LB",4,0.0023095238,4
"I930000891","ACCRVHD","00","071   ","LB",5,0.0046190476,5
"I930000891","ACCRVHD","00","071   ","LB",6,0.0023095238,6
"I930000891","ACCRVHD","00","071   ","LB",7,0.0023095238,7
"I930000891","ACCRVHD","00","071   ","LB",10,0.0046190476,10
"I930000891","ACCRVHD","00","071   ","LB",12,0.0023095238,12
"I930000891","ACCRVHD","00","071   ","LB",30,0.0023095238,30
"I930000891","ACCRVHD","00","071   ","LB",46,0.0023095238,46
"I930000891","ACCRVHD","00","071   ","LB",51,0.0023095238,51
"I930000891","ACCRVHD","00","071   ","LB",52,0.0023095238,52
"I930000891","ACCRVHD","00","071   ","LB",68,0.0023095238,68
"I930000891","ACCRVHD","00","071   ","LB",74,0.0023095238,74
"I930000891","ACCRVHD","00","071   ","LB",150,0.0023095238,150
"I930000891","ACCRVHD","00","072   ","LB",24,0.0023095238,24
"I930000891","ACCRVHD","00","072   ","LB",25,0.0023095238,25
"I930000891","ACCRVHD","00","074   ","LB",3,0.0023095238,3
"I930000891","ACCRVHD","00","074   ","LB",34,0.0023095238,34
"I930000891","ACCRVHD","00","074   ","LB",147,0.0023095238,147
"I930000891","ACCRVHD","00","601   ","LB",2,0.0023095238,2
"I930000891","ACCRVHD","00","601   ","LB",3,0.0023095238,3
"I930000891","ACCRVHD","00","601   ","LB",4,0.0023095238,4
"I930000891","ACCRVHD","00","601   ","LB",7,0.0023095238,7
"I930000891","ACCRVHD","00","601   ","LB",17,0.0023095238,17
"I930000891","ACCRVHD","00","601   ","LB",40,0.0023095238,40
"I930000891","ACCRVHD","00","601   ","LB",65,0.0023095238,65
"I930000891","ACCRVHD","00","601   ","LB",96,0.0023095238,96
"I930000891","ACCRVHD","00","601   ","LB",150,0.0069285714,150
"I930000891","ACCRVHD","00","601   ","LB",151,0.0023095238,151
"I930000891","ACCRVHD","00","602   ","LB",16,0.0023095238,16
"I930000891","ACCRVHD","00","602   ","LB",123,0.0023095238,123
"I930000891","ACCRVHD","00","603   ","LB",68,0.0023095238,68
"I930000891","ACCRVHD","00","604   ","LB",64,0.0023095238,64
"I930000891","ACCRVHD","00","605   ","LB",3,0.0023095238,3
"I930000891","ACCRVHD","00","605   ","LB",17,0.0023095238,17
"I930000891","ACCRVHD","00","606   ","LB",26,0.0046190476,26
"I930000891","ACCRVHD","00","606   ","LB",30,0.0023095238,30
"I930000891","ACCRVHD","00","607   ","LB",123,0.0023095238,123
"I930000891","ACCRVHD","00","608   ","LB",60,0.0023095238,60
"I930000891","ACCRVHD","00","609   ","LB",2,0.0023095238,2
"I930000891","ACCRVHD","00","609   ","LB",5,0.0023095238,5
"I930000891","ACCRVHD","00","609   ","LB",14,0.0023095238,14
"I930000891","ACCRVHD","00","609   ","LB",67,0.0023095238,67
"I930000891","ACCRVHD","00","609   ","LB",102,0.0023095238,102
"I930000891","ACCRVHD","00","609   ","LB",150,0.0092380952,150
"I930000891","ACCRVHD","00","611   ","LB",6,0.0023095238,6
"I930000891","ACCRVHD","00","611   ","LB",113,0.0023095238,113
"I930000891","ACCRVHD","00","612   ","LB",1,0.0023095238,1
"I930000891","ACCRVHD","00","612   ","LB",6,0.0023095238,6
"I930000891","ACCRVHD","00","612   ","LB",9,0.0023095238,9
"I930000891","ACCRVHD","00","613   ","LB",8,0.0023095238,8
"I930000891","ACCRVHD","00","613   ","LB",28,0.0023095238,28
"I930000891","ACCRVHD","00","631   ","LB",1,0.0023095238,1
"I930000891","ACCRVHD","00","631   ","LB",4,0.0046190476,4
"I930000891","ACCRVHD","00","631   ","LB",23,0.0023095238,23
"I930000891","ACCRVHD","00","631   ","LB",49,0.0023095238,49
"I930000891","ACCRVHD","00","631   ","LB",66,0.0023095238,66
"I930000891","ACCRVHD","00","631   ","LB",69,0.0023095238,69
"I930000891","ACCRVHD","00","631   ","LB",111,0.0023095238,111
"I930000891","ACCRVHD","00","631   ","LB",133,0.0023095238,133
"I930000891","ACCRVHD","00","631   ","LB",150,0.0046190476,150
"I930000891","ACCRVHD","00","632   ","LB",6,0.0023095238,6
"I930000891","ACCRVHD","00","632   ","LB",144,0.0023095238,144
"I930000891","ACCRVHD","00","632   ","LB",150,0.0023095238,150
"I930000891","ACCRVHD","00","633   ","LB",49,0.0023095238,49
"I930000891","ACCRVHD","00","633   ","LB",137,0.0023095238,137
"I930000891","ACCRVHD","00","633   ","LB",150,0.0023095238,150
"I930000891","ACCRVHD","00","634   ","LB",99,0.0023095238,99
"I930000891","ACCRVHD","00","634   ","LB",129,0.0023095238,129
"I930000891","ACCRVHD","00","634   ","LB",151,0.0023095238,151
"I930000891","ACCRVHD","00","635   ","LB",5,0.0023095238,5
"I930000891","ACCRVHD","00","635   ","LB",7,0.0023095238,7
"I930000891","ACCRVHD","00","635   ","LB",60,0.0023095238,60
"I930000891","ACCRVHD","00","635   ","LB",81,0.0023095238,81
"I930000891","ACCRVHD","00","635   ","LB",150,0.0023095238,150
"I930000891","ACCRVHD","00","636   ","LB",4,0.0023095238,4
"I930000891","ACCRVHD","00","636   ","LB",32,0.0023095238,32
"I930000891","ACCRVHD","00","636   ","LB",68,0.0023095238,68
"I930000891","ACCRVHD","00","636   ","LB",78,0.0023095238,78
"I930000891","ACCRVHD","00","636   ","LB",120,0.0023095238,120
"I930000891","ACCRVHD","00","636   ","LB",134,0.0023095238,134
"I930000891","ACCRVHD","00","637   ","LB",1,0.0023095238,1
"I930000891","ACCRVHD","00","639   ","LB",21,0.0023095238,21
"I930000891","ACCRVHD","00","639   ","LB",27,0.0023095238,27
"I930000891","ACCRVHD","00","641   ","LB",7,0.0023095238,7
"I930000891","ACCRVHD","00","642   ","LB",2,0.0023095238,2
"I930000891","ACCRVHD","00","642   ","LB",144,0.0023095238,144
"I930000891","ACCRVHE","00","091   ","LB",1,0.4193333333,1
"I930000891","ACCRVHE","00","091   ","LB",2,0.0149761905,2
"I930000891","ACCRVHE","00","091   ","LB",3,0.029952381,3
"I930000891","ACCRVHE","00","091   ","LB",5,0.0149761905,5
"I930000891","ACCRVHE","00","091   ","LB",6,0.029952381,6
"I930000891","ACCRVHE","00","091   ","LB",10,0.0449285714,10
"I930000891","ACCRVHE","00","091   ","LB",35,0.0149761905,35
"I930000891","ACCRVHE","00","951   ","LB",1,0.0149761905,1
"I930000891","ACCRVHE","00","951   ","LB",2,0.0599047619,2
"I930000891","ACCRVHE","00","951   ","LB",4,0.0149761905,4
"I930000891","ACCRVHE","00","951   ","LB",17,0.0149761905,17
"I930000891","ACCRVHE","00","953   ","LB",1,0.0149761905,1
"I930000891","ACCRVHE","00","954   ","LB",3,0.0149761905,3
"I930000891","ACCRVHE","00","955   ","LB",5,0.0149761905,5
"I930000891","ACCRVHE","00","956   ","LB",6,0.0149761905,6
"I930000891","ACCRVHE","00","956   ","LB",7,0.0449285714,7
"I930000891","ACCRVHE","00","959   ","LB",1,0.0149761905,1
"I930000891","ACCRVHE","00","959   ","LB",3,0.0149761905,3
"I930000891","ACCRVHE","00","962   ","LB",2,0.1198095238,2
"I930000891","ACCRVHF","00","091   ","LB",0,0.912,0
"I930000891","ACCRVHF","00","951   ","LB",0,0.0217142857,0
"I930000891","ACCRVHF","00","952   ","LB",0,0.0108571429,0
"I930000891","ACCRVHF","00","954   ","LB",0,0.0542857143,0
"I930000891","ACCRVHF","00","956   ","LB",0,0.0108571429,0
"I930000891","ACCRVHF","00","959   ","LB",0,0.0108571429,0
"I930000891","ACCRVHF","00","962   ","LB",0,0.0651428571,0
"I930000891","ACCRVHG","00","091   ","LB",3,0.2928571429,3
"I930000891","ACCRVHH","00","401   ","LB",1,0.0848571429,1
"I930000891","ACCRVHH","00","401   ","LB",2,0.0077142857,2
"I930000891","ACCRVHH","00","401   ","LB",3,0.0154285714,3
"I930000891","ACCRVHH","00","401   ","LB",6,0.0154285714,6
"I930000891","ACCRVHH","00","401   ","LB",7,0.0077142857,7
"I930000891","ACCRVHH","00","401   ","LB",8,0.0077142857,8
"I930000891","ACCRVHH","00","402   ","LB",1,0.0077142857,1
"I930000891","ACCRVHH","00","402   ","LB",2,0.0077142857,2
"I930000891","ACCRVHH","00","403   ","LB",1,0.0308571429,1
"I930000891","ACCRVHH","00","403   ","LB",3,0.0154285714,3
"I930000891","ACCRVHH","00","403   ","LB",8,0.0077142857,8
"I930000891","ACCRVHH","00","403   ","LB",10,0.0077142857,10
"I930000891","ACCRVHH","00","404   ","LB",1,0.0617142857,1
"I930000891","ACCRVHH","00","404   ","LB",3,0.0077142857,3
"I930000891","ACCRVHH","00","404   ","LB",6,0.0077142857,6
"I930000891","ACCRVHH","00","404   ","LB",21,0.0077142857,21
"I930000891","ACCRVHH","00","405   ","LB",1,0.0231428571,1
"I930000891","ACCRVHH","00","405   ","LB",3,0.0154285714,3
"I930000891","ACCRVHH","00","406   ","LB",1,0.0462857143,1
"I930000891","ACCRVHH","00","406   ","LB",3,0.0077142857,3
"I930000891","ACCRVHH","00","406   ","LB",22,0.0077142857,22
"I930000891","ACCRVHH","00","406   ","LB",24,0.0077142857,24
"I930000891","ACCRVHH","00","407   ","LB",1,0.0385714286,1
"I930000891","ACCRVHH","00","407   ","LB",3,0.0077142857,3
"I930000891","ACCRVHH","00","408   ","LB",1,0.0154285714,1
"I930000891","ACCRVHH","00","408   ","LB",2,0.0077142857,2
"I930000891","ACCRVHH","00","409   ","LB",1,0.0694285714,1
"I930000891","ACCRVHH","00","409   ","LB",6,0.0077142857,6
"I930000891","ACCRVHH","00","409   ","LB",8,0.0077142857,8
"I930000891","ACCRVHH","00","409   ","LB",11,0.0077142857,11
"I930000891","ACCRVHH","00","411   ","LB",1,0.0462857143,1
"I930000891","ACCRVHH","00","412   ","LB",1,0.0771428571,1
"I930000891","ACCRVHH","00","412   ","LB",2,0.0077142857,2
"I930000891","ACCRVHH","00","412   ","LB",3,0.0077142857,3
"I930000891","ACCRVHH","00","412   ","LB",13,0.0077142857,13
"I930000891","ACCRVHH","00","412   ","LB",52,0.0077142857,52
"I930000891","ACCRVHH","00","413   ","LB",1,0.0077142857,1
"I930000891","ACCRVHH","00","481   ","LB",1,0.0077142857,1
"I930000891","ACCRVHH","00","481   ","LB",3,0.0077142857,3
"I930000891","ACCRVHH","00","482   ","LB",2,0.0077142857,2
"I930000891","ACCRVHH","00","484   ","LB",1,0.0154285714,1
"I930000891","ACCRVHI","00","401   ","LB",0,0.1285952381,0
"I930000891","ACCRVHI","00","402   ","LB",0,0.0701428571,0
"I930000891","ACCRVHI","00","403   ","LB",0,0.0818333333,0
"I930000891","ACCRVHI","00","404   ","LB",0,0.1169047619,0
"I930000891","ACCRVHI","00","405   ","LB",0,0.0233809524,0
"I930000891","ACCRVHI","00","406   ","LB",0,0.1285952381,0
"I930000891","ACCRVHI","00","407   ","LB",0,0.0116904762,0
"I930000891","ACCRVHI","00","408   ","LB",0,0.0350714286,0
"I930000891","ACCRVHI","00","409   ","LB",0,0.2104285714,0
"I930000891","ACCRVHI","00","411   ","LB",0,0.0467619048,0
"I930000891","ACCRVHI","00","412   ","LB",0,0.0467619048,0
"I930000891","ACCRVHI","00","413   ","LB",0,0.0116904762,0
"I930000891","ACCRVHI","00","420   ","LB",0,0.0116904762,0
"I930000891","ACCRVHI","00","481   ","LB",0,0.2104285714,0
"I930000891","ACCRVHI","00","484   ","LB",0,0.0350714286,0
"I930000891","ACCRVHJ","00","401   ","LB",1,0.0054285714,1
"I930000891","ACCRVHJ","00","401   ","LB",7,0.0027142857,7
"I930000891","ACCRVHJ","00","401   ","LB",12,0.0027142857,12
"I930000891","ACCRVHJ","00","401   ","LB",15,0.0027142857,15
"I930000891","ACCRVHJ","00","401   ","LB",154,0.0027142857,154
"I930000891","ACCRVHJ","00","402   ","LB",1,0.0054285714,1
"I930000891","ACCRVHJ","00","402   ","LB",2,0.0027142857,2
"I930000891","ACCRVHJ","00","402   ","LB",4,0.0027142857,4
"I930000891","ACCRVHJ","00","402   ","LB",5,0.0027142857,5
"I930000891","ACCRVHJ","00","402   ","LB",20,0.0027142857,20
"I930000891","ACCRVHJ","00","402   ","LB",36,0.0027142857,36
"I930000891","ACCRVHJ","00","403   ","LB",3,0.0027142857,3
"I930000891","ACCRVHJ","00","403   ","LB",34,0.0027142857,34
"I930000891","ACCRVHJ","00","403   ","LB",57,0.0027142857,57
"I930000891","ACCRVHJ","00","403   ","LB",109,0.0027142857,109
"I930000891","ACCRVHJ","00","404   ","LB",1,0.0027142857,1
"I930000891","ACCRVHJ","00","404   ","LB",5,0.0027142857,5
"I930000891","ACCRVHJ","00","404   ","LB",9,0.0054285714,9
"I930000891","ACCRVHJ","00","404   ","LB",14,0.0027142857,14
"I930000891","ACCRVHJ","00","404   ","LB",15,0.0027142857,15
"I930000891","ACCRVHJ","00","404   ","LB",25,0.0027142857,25
"I930000891","ACCRVHJ","00","404   ","LB",32,0.0027142857,32
"I930000891","ACCRVHJ","00","404   ","LB",37,0.0027142857,37
"I930000891","ACCRVHJ","00","404   ","LB",48,0.0027142857,48
"I930000891","ACCRVHJ","00","404   ","LB",92,0.0027142857,92
"I930000891","ACCRVHJ","00","404   ","LB",96,0.0027142857,96
"I930000891","ACCRVHJ","00","404   ","LB",102,0.0027142857,102
"I930000891","ACCRVHJ","00","404   ","LB",577,0.0027142857,577
"I930000891","ACCRVHJ","00","405   ","LB",1,0.0027142857,1
"I930000891","ACCRVHJ","00","405   ","LB",5,0.0027142857,5
"I930000891","ACCRVHJ","00","405   ","LB",107,0.0027142857,107
"I930000891","ACCRVHJ","00","406   ","LB",1,0.0027142857,1
"I930000891","ACCRVHJ","00","406   ","LB",2,0.0027142857,2
"I930000891","ACCRVHJ","00","406   ","LB",4,0.0054285714,4
"I930000891","ACCRVHJ","00","406   ","LB",8,0.0027142857,8
"I930000891","ACCRVHJ","00","406   ","LB",10,0.0027142857,10
"I930000891","ACCRVHJ","00","406   ","LB",17,0.0027142857,17
"I930000891","ACCRVHJ","00","406   ","LB",18,0.0027142857,18
"I930000891","ACCRVHJ","00","406   ","LB",51,0.0054285714,51
"I930000891","ACCRVHJ","00","406   ","LB",91,0.0027142857,91
"I930000891","ACCRVHJ","00","407   ","LB",2,0.0054285714,2
"I930000891","ACCRVHJ","00","407   ","LB",7,0.0027142857,7
"I930000891","ACCRVHJ","00","408   ","LB",3,0.0027142857,3
"I930000891","ACCRVHJ","00","408   ","LB",10,0.0027142857,10
"I930000891","ACCRVHJ","00","409   ","LB",1,0.0027142857,1
"I930000891","ACCRVHJ","00","409   ","LB",2,0.0027142857,2
"I930000891","ACCRVHJ","00","409   ","LB",3,0.0027142857,3
"I930000891","ACCRVHJ","00","409   ","LB",5,0.0027142857,5
"I930000891","ACCRVHJ","00","409   ","LB",9,0.0027142857,9
"I930000891","ACCRVHJ","00","409   ","LB",11,0.0027142857,11
"I930000891","ACCRVHJ","00","409   ","LB",12,0.0027142857,12
"I930000891","ACCRVHJ","00","409   ","LB",21,0.0027142857,21
"I930000891","ACCRVHJ","00","409   ","LB",33,0.0027142857,33
"I930000891","ACCRVHJ","00","409   ","LB",44,0.0027142857,44
"I930000891","ACCRVHJ","00","409   ","LB",49,0.0027142857,49
"I930000891","ACCRVHJ","00","409   ","LB",111,0.0027142857,111
"I930000891","ACCRVHJ","00","409   ","LB",112,0.0027142857,112
"I930000891","ACCRVHJ","00","409   ","LB",153,0.0027142857,153
"I930000891","ACCRVHJ","00","409   ","LB",155,0.0027142857,155
"I930000891","ACCRVHJ","00","411   ","LB",3,0.0027142857,3
"I930000891","ACCRVHJ","00","411   ","LB",29,0.0027142857,29
"I930000891","ACCRVHJ","00","411   ","LB",42,0.0027142857,42
"I930000891","ACCRVHJ","00","411   ","LB",67,0.0027142857,67
"I930000891","ACCRVHJ","00","412   ","LB",11,0.0027142857,11
"I930000891","ACCRVHJ","00","412   ","LB",70,0.0027142857,70
"I930000891","ACCRVHJ","00","412   ","LB",75,0.0027142857,75
"I930000891","ACCRVHJ","00","412   ","LB",250,0.0027142857,250
"I930000891","ACCRVHJ","00","420   ","LB",8,0.0027142857,8
"I930000891","ACCRVHJ","00","481   ","LB",1,0.0135714286,1
"I930000891","ACCRVHJ","00","481   ","LB",5,0.0054285714,5
"I930000891","ACCRVHJ","00","481   ","LB",6,0.0027142857,6
"I930000891","ACCRVHJ","00","481   ","LB",7,0.0027142857,7
"I930000891","ACCRVHJ","00","481   ","LB",10,0.0027142857,10
"I930000891","ACCRVHJ","00","481   ","LB",12,0.0027142857,12
"I930000891","ACCRVHJ","00","481   ","LB",13,0.0054285714,13
"I930000891","ACCRVHJ","00","481   ","LB",14,0.0027142857,14
"I930000891","ACCRVHJ","00","481   ","LB",28,0.0054285714,28
"I930000891","ACCRVHJ","00","481   ","LB",32,0.0027142857,32
"I930000891","ACCRVHJ","00","481   ","LB",37,0.0027142857,37
"I930000891","ACCRVHJ","00","481   ","LB",48,0.0027142857,48
"I930000891","ACCRVHJ","00","481   ","LB",56,0.0027142857,56
"I930000891","ACCRVHJ","00","481   ","LB",74,0.0027142857,74
"I930000891","ACCRVHJ","00","481   ","LB",129,0.0027142857,129
"I930000891","ACCRVHJ","00","481   ","LB",144,0.0027142857,144
"I930000891","ACCRVHJ","00","482   ","LB",21,0.0027142857,21
"I930000891","ACCRVHJ","00","482   ","LB",126,0.0027142857,126
"I930000891","ACCRVHJ","00","484   ","LB",10,0.0027142857,10
"I930000891","ACCRVHK","00","401   ","LB",4,0.0588571429,4
"I930000891","ACCRVHK","00","401   ","LB",5,0.0343333333,5
"I930000891","ACCRVHK","00","401   ","LB",6,0.0392380952,6
"I930000891","ACCRVHK","00","401   ","LB",7,0.0049047619,7
"I930000891","ACCRVHK","00","401   ","LB",8,0.0049047619,8
"I930000891","ACCRVHK","00","401   ","LB",11,0.0147142857,11
"I930000891","ACCRVHK","00","401   ","LB",12,0.0784761905,12
"I930000891","ACCRVHK","00","401   ","LB",15,0.0049047619,15
"I930000891","ACCRVHK","00","401   ","LB",18,0.1079047619,18
"I930000891","ACCRVHK","00","401   ","LB",20,0.0098095238,20
"I930000891","ACCRVHK","00","401   ","LB",21,0.0049047619,21
"I930000891","ACCRVHK","00","401   ","LB",25,0.0098095238,25
"I930000891","ACCRVHK","00","401   ","LB",26,0.0049047619,26
"I930000891","ACCRVHK","00","401   ","LB",27,0.0147142857,27
"I930000891","ACCRVHK","00","401   ","LB",44,0.0049047619,44
"I930000891","ACCRVHK","00","401   ","LB",47,0.0049047619,47
"I930000891","ACCRVHK","00","401   ","LB",53,0.0049047619,53
"I930000891","ACCRVHK","00","401   ","LB",97,0.0049047619,97
"I930000891","ACCRVHK","00","403   ","LB",4,0.0098095238,4
"I930000891","ACCRVHK","00","403   ","LB",5,0.0098095238,5
"I930000891","ACCRVHK","00","403   ","LB",12,0.0098095238,12
"I930000891","ACCRVHK","00","403   ","LB",17,0.0049047619,17
"I930000891","ACCRVHK","00","403   ","LB",18,0.0049047619,18
"I930000891","ACCRVHK","00","403   ","LB",37,0.0049047619,37
"I930000891","ACCRVHK","00","403   ","LB",44,0.0049047619,44
"I930000891","ACCRVHK","00","407   ","LB",5,0.0196190476,5
"I930000891","ACCRVHK","00","407   ","LB",12,0.0049047619,12
"I930000891","ACCRVHK","00","407   ","LB",18,0.0049047619,18
"I930000891","ACCRVHL","00","451   ","LB",1,0.007452381,1
"I930000891","ACCRVHL","00","451   ","LB",2,0.0149047619,2
"I930000891","ACCRVHL","00","451   ","LB",5,0.007452381,5
"I930000891","ACCRVHL","00","453   ","LB",1,0.007452381,1
"I930000891","ACCRVHL","00","453   ","LB",2,0.007452381,2
"I930000891","ACCRVHL","00","454   ","LB",1,0.0149047619,1
"I930000891","ACCRVHL","00","454   ","LB",2,0.0149047619,2
"I930000891","ACCRVHL","00","454   ","LB",5,0.007452381,5
"I930000891","ACCRVHL","00","454   ","LB",14,0.007452381,14
"I930000891","ACCRVHL","00","454   ","LB",23,0.007452381,23
"I930000891","ACCRVHL","00","455   ","LB",2,0.007452381,2
"I930000891","ACCRVHL","00","456   ","LB",2,0.0149047619,2
"I930000891","ACCRVHL","00","456   ","LB",5,0.007452381,5
"I930000891","ACCRVHL","00","456   ","LB",7,0.007452381,7
"I930000891","ACCRVHL","00","458   ","LB",2,0.007452381,2
"I930000891","ACCRVHL","00","459   ","LB",2,0.0149047619,2
"I930000891","ACCRVHL","00","459   ","LB",7,0.007452381,7
"I930000891","ACCRVHL","00","461   ","LB",2,0.007452381,2
"I930000891","ACCRVHL","00","462   ","LB",1,0.0223571429,1
"I930000891","ACCRVHL","00","462   ","LB",2,0.0596190476,2
"I930000891","ACCRVHL","00","462   ","LB",3,0.007452381,3
"I930000891","ACCRVHL","00","462   ","LB",4,0.007452381,4
"I930000891","ACCRVHL","00","462   ","LB",6,0.007452381,6
"I930000891","ACCRVHL","00","462   ","LB",7,0.007452381,7
"I930000891","ACCRVHL","00","462   ","LB",11,0.007452381,11
"I930000891","ACCRVHL","00","463   ","LB",1,0.0596190476,1
"I930000891","ACCRVHL","00","463   ","LB",2,0.0745238095,2
"I930000891","ACCRVHL","00","463   ","LB",3,0.0372619048,3
"I930000891","ACCRVHL","00","471   ","LB",2,0.007452381,2
"I930000891","ACCRVHL","00","471   ","LB",3,0.007452381,3
"I930000891","ACCRVHL","00","491   ","LB",1,0.1341428571,1
"I930000891","ACCRVHL","00","491   ","LB",3,0.0149047619,3
"I930000891","ACCRVHL","00","491   ","LB",4,0.007452381,4
"I930000891","ACCRVHL","00","491   ","LB",6,0.0223571429,6
"I930000891","ACCRVHL","00","491   ","LB",7,0.007452381,7
"I930000891","ACCRVHL","00","491   ","LB",8,0.007452381,8
"I930000891","ACCRVHL","00","491   ","LB",9,0.007452381,9
"I930000891","ACCRVHL","00","491   ","LB",10,0.0670714286,10
"I930000891","ACCRVHM","00","451   ","LB",0,0.0328571429,0
"I930000891","ACCRVHM","00","452   ","LB",0,0.010952381,0
"I930000891","ACCRVHM","00","454   ","LB",0,0.1423809524,0
"I930000891","ACCRVHM","00","456   ","LB",0,0.0328571429,0
"I930000891","ACCRVHM","00","457   ","LB",0,0.010952381,0
"I930000891","ACCRVHM","00","458   ","LB",0,0.010952381,0
"I930000891","ACCRVHM","00","459   ","LB",0,0.0219047619,0
"I930000891","ACCRVHM","00","461   ","LB",0,0.0219047619,0
"I930000891","ACCRVHM","00","462   ","LB",0,0.2519047619,0
"I930000891","ACCRVHM","00","463   ","LB",0,0.1314285714,0
"I930000891","ACCRVHM","00","491   ","LB",0,0.4271428571,0
"I930000891","ACCRVHN","00","491   ","LB",3,0.3054761905,3
"I930000891","ACCRVHO","00","033   ","LB",1,0.010952381,1
"I930000891","ACCRVHO","00","033   ","LB",13,0.010952381,13
"I930000891","ACCRVHO","00","033   ","LB",15,0.010952381,15
"I930000891","ACCRVHO","00","033   ","LB",21,0.010952381,21
"I930000891","ACCRVHO","00","034   ","LB",9,0.010952381,9
"I930000891","ACCRVHO","00","034   ","LB",11,0.010952381,11
"I930000891","ACCRVHO","00","034   ","LB",19,0.0219047619,19
"I930000891","ACCRVHO","00","034   ","LB",21,0.010952381,21
"I930000891","ACCRVHO","00","034   ","LB",28,0.010952381,28
"I930000891","ACCRVHO","00","035   ","LB",1,0.010952381,1
"I930000891","ACCRVHO","00","035   ","LB",2,0.010952381,2
"I930000891","ACCRVHO","00","035   ","LB",4,0.010952381,4
"I930000891","ACCRVHO","00","035   ","LB",6,0.0219047619,6
"I930000891","ACCRVHO","00","035   ","LB",7,0.010952381,7
"I930000891","ACCRVHO","00","035   ","LB",14,0.0219047619,14
"I930000891","ACCRVHO","00","035   ","LB",17,0.010952381,17
"I930000891","ACCRVHO","00","035   ","LB",23,0.010952381,23
"I930000891","ACCRVHO","00","035   ","LB",27,0.010952381,27
"I930000891","ACCRVHO","00","035   ","LB",48,0.010952381,48
"I930000891","ACCRVHO","00","035   ","LB",83,0.010952381,83
"I930000891","ACCRVHO","00","035   ","LB",104,0.010952381,104
"I930000891","ACCRVHO","00","036   ","LB",1,0.0876190476,1
"I930000891","ACCRVHO","00","036   ","LB",2,0.0328571429,2
"I930000891","ACCRVHO","00","036   ","LB",3,0.0328571429,3
"I930000891","ACCRVHO","00","036   ","LB",4,0.0219047619,4
"I930000891","ACCRVHO","00","036   ","LB",5,0.0438095238,5
"I930000891","ACCRVHO","00","036   ","LB",6,0.0328571429,6
"I930000891","ACCRVHO","00","036   ","LB",8,0.010952381,8
"I930000891","ACCRVHO","00","036   ","LB",9,0.010952381,9
"I930000891","ACCRVHO","00","036   ","LB",10,0.010952381,10
"I930000891","ACCRVHO","00","036   ","LB",11,0.010952381,11
"I930000891","ACCRVHO","00","036   ","LB",12,0.010952381,12
"I930000891","ACCRVHO","00","036   ","LB",13,0.0219047619,13
"I930000891","ACCRVHO","00","036   ","LB",14,0.010952381,14
"I930000891","ACCRVHO","00","036   ","LB",16,0.0219047619,16
"I930000891","ACCRVHO","00","036   ","LB",19,0.010952381,19
"I930000891","ACCRVHO","00","036   ","LB",24,0.0219047619,24
"I930000891","ACCRVHO","00","036   ","LB",29,0.010952381,29
"I930000891","ACCRVHO","00","036   ","LB",30,0.0219047619,30
"I930000891","ACCRVHO","00","036   ","LB",35,0.010952381,35
"I930000891","ACCRVHO","00","036   ","LB",36,0.010952381,36
"I930000891","ACCRVHO","00","036   ","LB",45,0.010952381,45
"I930000891","ACCRVHO","00","036   ","LB",46,0.010952381,46
"I930000891","ACCRVHO","00","036   ","LB",52,0.010952381,52
"I930000891","ACCRVHO","00","036   ","LB",60,0.010952381,60
"I930000891","ACCRVHO","00","036   ","LB",61,0.010952381,61
"I930000891","ACCRVHO","00","036   ","LB",70,0.0219047619,70
"I930000891","ACCRVHO","00","036   ","LB",73,0.010952381,73
"I930000891","ACCRVHO","00","036   ","LB",80,0.010952381,80
"I930000891","ACCRVHO","00","036   ","LB",87,0.010952381,87
"I930000891","ACCRVHO","00","037   ","LB",1,0.010952381,1
"I930000891","ACCRVHO","00","037   ","LB",2,0.010952381,2
"I930000891","ACCRVHO","00","037   ","LB",3,0.0328571429,3
"I930000891","ACCRVHO","00","037   ","LB",4,0.0438095238,4
"I930000891","ACCRVHO","00","037   ","LB",5,0.0219047619,5
"I930000891","ACCRVHO","00","037   ","LB",6,0.010952381,6
"I930000891","ACCRVHO","00","037   ","LB",7,0.010952381,7
"I930000891","ACCRVHO","00","037   ","LB",9,0.0219047619,9
"I930000891","ACCRVHO","00","037   ","LB",10,0.010952381,10
"I930000891","ACCRVHO","00","037   ","LB",17,0.010952381,17
"I930000891","ACCRVHO","00","037   ","LB",22,0.010952381,22
"I930000891","ACCRVHO","00","037   ","LB",24,0.010952381,24
"I930000891","ACCRVHO","00","037   ","LB",29,0.010952381,29
"I930000891","ACCRVHO","00","037   ","LB",30,0.010952381,30
"I930000891","ACCRVHO","00","037   ","LB",37,0.010952381,37
"I930000891","ACCRVHO","00","037   ","LB",83,0.010952381,83
"I930000891","ACCRVHO","00","037   ","LB",93,0.010952381,93
"I930000891","ACCRVHO","00","037   ","LB",129,0.010952381,129
"I930000891","ACCRVHP","00","032   ","LB",1,0.0655238095,1
"I930000891","ACCRVHP","00","033   ","LB",1,0.1965714286,1
"I930000891","ACCRVHP","00","035   ","LB",1,0.0655238095,1
"I930000891","ACCRVHP","00","036   ","LB",1,1.0483809524,1
"I930000891","ACCRVHP","00","036   ","LB",22,0.0655238095,22
"I930000891","ACCRVHP","00","036   ","LB",30,0.0655238095,30
"I930000891","ACCRVHP","00","037   ","LB",3,0.0655238095,3
"I930000891","ACCRVHQ","00","363   ","LB",11,0.0073571429,11
"I930000891","ACCRVHQ","00","363   ","LB",118,0.0073571429,118
"I930000891","ACCRVHQ","00","365   ","LB",4,0.0073571429,4
"I930000891","ACCRVHQ","00","365   ","LB",5,0.0147142857,5
"I930000891","ACCRVHQ","00","365   ","LB",6,0.0073571429,6
"I930000891","ACCRVHQ","00","365   ","LB",7,0.0073571429,7
"I930000891","ACCRVHQ","00","365   ","LB",12,0.0073571429,12
"I930000891","ACCRVHQ","00","365   ","LB",14,0.0073571429,14
"I930000891","ACCRVHQ","00","365   ","LB",15,0.0073571429,15
"I930000891","ACCRVHQ","00","365   ","LB",20,0.0147142857,20
"I930000891","ACCRVHQ","00","365   ","LB",21,0.0073571429,21
"I930000891","ACCRVHQ","00","365   ","LB",26,0.0073571429,26
"I930000891","ACCRVHQ","00","365   ","LB",28,0.0073571429,28
"I930000891","ACCRVHQ","00","365   ","LB",30,0.0073571429,30
"I930000891","ACCRVHQ","00","365   ","LB",33,0.0073571429,33
"I930000891","ACCRVHQ","00","365   ","LB",36,0.0073571429,36
"I930000891","ACCRVHQ","00","365   ","LB",38,0.0073571429,38
"I930000891","ACCRVHQ","00","365   ","LB",45,0.0147142857,45
"I930000891","ACCRVHQ","00","365   ","LB",47,0.0073571429,47
"I930000891","ACCRVHQ","00","365   ","LB",51,0.0073571429,51
"I930000891","ACCRVHQ","00","365   ","LB",63,0.0073571429,63
"I930000891","ACCRVHQ","00","365   ","LB",110,0.0073571429,110
"I930000891","ACCRVHQ","00","365   ","LB",150,0.0073571429,150
"I930000891","ACCRVHQ","00","365   ","LB",160,0.0073571429,160
"I930000891","ACCRVHQ","00","365   ","LB",300,0.0073571429,300
"I930000891","ACCRVHQ","00","365   ","LB",320,0.0073571429,320
"I930000891","ACCRVHQ","00","366   ","LB",7,0.0073571429,7
"I930000891","ACCRVHQ","00","366   ","LB",22,0.0073571429,22
"I930000891","ACCRVHQ","00","366   ","LB",100,0.0073571429,100
"I930000891","ACCRVHQ","00","366   ","LB",105,0.0073571429,105
"I930000891","ACCRVHQ","00","366   ","LB",129,0.0073571429,129
"I930000891","ACCRVHQ","00","366   ","LB",150,0.0073571429,150
"I930000891","ACCRVHQ","00","366   ","LB",246,0.0073571429,246
"I930000891","ACCRVHQ","00","366   ","LB",428,0.0073571429,428
"I930000891","ACCRVHQ","00","366   ","LB",575,0.0073571429,575
"I930000891","ACCRVHQ","00","367   ","LB",1,0.0073571429,1
"I930000891","ACCRVHQ","00","367   ","LB",3,0.0367857143,3
"I930000891","ACCRVHQ","00","367   ","LB",4,0.0367857143,4
"I930000891","ACCRVHQ","00","367   ","LB",6,0.0220714286,6
"I930000891","ACCRVHQ","00","367   ","LB",7,0.0294285714,7
"I930000891","ACCRVHQ","00","367   ","LB",8,0.0367857143,8
"I930000891","ACCRVHQ","00","367   ","LB",9,0.0662142857,9
"I930000891","ACCRVHQ","00","367   ","LB",10,0.0220714286,10
"I930000891","ACCRVHQ","00","367   ","LB",11,0.0220714286,11
"I930000891","ACCRVHQ","00","367   ","LB",12,0.0073571429,12
"I930000891","ACCRVHQ","00","367   ","LB",13,0.0073571429,13
"I930000891","ACCRVHQ","00","367   ","LB",17,0.0294285714,17
"I930000891","ACCRVHQ","00","367   ","LB",18,0.0294285714,18
"I930000891","ACCRVHQ","00","367   ","LB",20,0.0073571429,20
"I930000891","ACCRVHQ","00","367   ","LB",23,0.0147142857,23
"I930000891","ACCRVHQ","00","367   ","LB",30,0.0220714286,30
"I930000891","ACCRVHQ","00","367   ","LB",33,0.0073571429,33
"I930000891","ACCRVHQ","00","367   ","LB",34,0.0147142857,34
"I930000891","ACCRVHQ","00","367   ","LB",75,0.0073571429,75
"I930000891","ACCRVHQ","00","367   ","LB",78,0.0073571429,78
"I930000891","ACCRVHQ","00","367   ","LB",87,0.0073571429,87
"I930000891","ACCRVHQ","00","367   ","LB",331,0.0073571429,331
"I930000891","ACCRVHQ","00","367   ","LB",485,0.0073571429,485
"I930000891","ACCRVHR","00","365   ","LB",5,0.1794761905,5
"I930000891","ACCRVHR","00","366   ","LB",11,0.358952381,11
"I930000891","ACCRVHR","00","366   ","LB",13,0.1794761905,13
"I930000891","ACCRVHR","00","367   ","LB",2,0.1794761905,2
"I930000891","ACCRVHR","00","367   ","LB",7,0.1794761905,7
"I930000891","ACCRVHS","00","081   ","LB",1,0.3163809524,1
"I930000891","ACCRVHS","00","081   ","LB",2,0.1006666667,2
"I930000891","ACCRVHS","00","081   ","LB",17,0.0143809524,17
"I930000891","ACCRVHS","00","901   ","LB",1,0.3163809524,1
"I930000891","ACCRVHS","00","901   ","LB",2,0.0575238095,2
"I930000891","ACCRVHS","00","901   ","LB",3,0.0143809524,3
"I930000891","ACCRVHS","00","903   ","LB",1,0.0143809524,1
"I930000891","ACCRVHS","00","904   ","LB",1,0.0143809524,1
"I930000891","ACCRVHS","00","907   ","LB",1,0.0143809524,1
"I930000891","ACCRVHS","00","909   ","LB",1,0.0143809524,1
"I930000891","ACCRVHS","00","909   ","LB",3,0.0143809524,3
"I930000891","ACCRVHS","00","911   ","LB",2,0.0143809524,2
"I930000891","ACCRVHS","00","912   ","LB",1,0.0287619048,1
"I930000891","ACCRVHS","00","913   ","LB",1,0.0287619048,1
"I930000891","ACCRVHS","00","913   ","LB",2,0.0143809524,2
"I930000891","ACCRVHT","00","401   ","LB",1,0.11,1
"I930000891","ACCRVHT","00","401   ","LB",2,0.03,2
"I930000891","ACCRVHT","00","401   ","LB",3,0.01,3
"I930000891","ACCRVHT","00","402   ","LB",1,0.02,1
"I930000891","ACCRVHT","00","403   ","LB",1,0.05,1
"I930000891","ACCRVHT","00","403   ","LB",2,0.01,2
"I930000891","ACCRVHT","00","404   ","LB",1,0.08,1
"I930000891","ACCRVHT","00","404   ","LB",2,0.02,2
"I930000891","ACCRVHT","00","405   ","LB",1,0.02,1
"I930000891","ACCRVHT","00","405   ","LB",2,0.01,2
"I930000891","ACCRVHT","00","406   ","LB",1,0.06,1
"I930000891","ACCRVHT","00","406   ","LB",2,0.01,2
"I930000891","ACCRVHT","00","407   ","LB",1,0.01,1
"I930000891","ACCRVHT","00","408   ","LB",2,0.01,2
"I930000891","ACCRVHT","00","409   ","LB",1,0.07,1
"I930000891","ACCRVHT","00","409   ","LB",2,0.01,2
"I930000891","ACCRVHT","00","409   ","LB",3,0.03,3
"I930000891","ACCRVHT","00","409   ","LB",5,0.01,5
"I930000891","ACCRVHT","00","409   ","LB",8,0.01,8
"I930000891","ACCRVHT","00","411   ","LB",1,0.02,1
"I930000891","ACCRVHT","00","411   ","LB",2,0.04,2
"I930000891","ACCRVHT","00","411   ","LB",3,0.01,3
"I930000891","ACCRVHT","00","412   ","LB",1,0.06,1
"I930000891","ACCRVHT","00","412   ","LB",2,0.03,2
"I930000891","ACCRVHT","00","481   ","LB",1,0.16,1
"I930000891","ACCRVHT","00","481   ","LB",2,0.03,2
"I930000891","ACCRVHT","00","481   ","LB",3,0.01,3
"I930000891","ACCRVHT","00","482   ","LB",1,0.02,1
"I930000891","ACCRVHT","00","482   ","LB",2,0.01,2
"I930000891","ACCRVHT","00","484   ","LB",1,0.03,1
"I930000891","ACCRVHU","01","002   ","OZ",5,26.483,0.3125
"I930000891","ACCRVHV","01","002   ","LB",5,21.355,5
"I930000891","ACCRVHW","00","401   ","LB",100,0.0220714286,100
"I930000891","ACCRVHW","00","405   ","LB",23,0.0220714286,23
"I930000891","ACCRVHW","00","481   ","LB",636,0.0220714286,636
"I930000891","ACCRVHX","00","451   ","LB",149,0.0001190476,149
"I930000891","ACCRVHX","00","451   ","LB",300,0.0001190476,300
"I930000891","ACCRVHX","00","451   ","LB",305,0.0001190476,305
"I930000891","ACCRVHX","00","451   ","LB",310,0.0001190476,310
"I930000891","ACCRVHX","00","451   ","LB",356,0.0001190476,356
"I930000891","ACCRVHX","00","451   ","LB",382,0.0002380952,382
"I930000891","ACCRVHX","00","451   ","LB",478,0.0001190476,478
"I930000891","ACCRVHX","00","451   ","LB",534,0.0001190476,534
"I930000891","ACCRVHX","00","451   ","LB",542,0.0001190476,542
"I930000891","ACCRVHX","00","451   ","LB",593,0.0001190476,593
"I930000891","ACCRVHX","00","451   ","LB",4570,0.0001190476,4570
"I930000891","ACCRVHX","00","453   ","LB",100,0.0001190476,100
"I930000891","ACCRVHX","00","454   ","LB",255,0.000952381,255
"I930000891","ACCRVHX","00","454   ","LB",311,0.0001190476,311
"I930000891","ACCRVHX","00","454   ","LB",458,0.0001190476,458
"I930000891","ACCRVHX","00","454   ","LB",509,0.0001190476,509
"I930000891","ACCRVHX","00","454   ","LB",763,0.0001190476,763
"I930000891","ACCRVHX","00","454   ","LB",793,0.0001190476,793
"I930000891","ACCRVHX","00","459   ","LB",302,0.0001190476,302
"I930000891","ACCRVHX","00","459   ","LB",478,0.0001190476,478
"I930000891","ACCRVHX","00","459   ","LB",497,0.0001190476,497
"I930000891","ACCRVHX","00","459   ","LB",511,0.0001190476,511
"I930000891","ACCRVHX","00","459   ","LB",1376,0.0001190476,1376
"I930000891","ACCRVHX","00","462   ","LB",89,0.0001190476,89
"I930000891","ACCRVHX","00","462   ","LB",126,0.0001190476,126
"I930000891","ACCRVHX","00","462   ","LB",140,0.0001190476,140
"I930000891","ACCRVHX","00","462   ","LB",157,0.0001190476,157
"I930000891","ACCRVHX","00","462   ","LB",195,0.0001190476,195
"I930000891","ACCRVHX","00","462   ","LB",216,0.0001190476,216
"I930000891","ACCRVHX","00","462   ","LB",225,0.0001190476,225
"I930000891","ACCRVHX","00","462   ","LB",244,0.0001190476,244
"I930000891","ACCRVHX","00","462   ","LB",270,0.0001190476,270
"I930000891","ACCRVHX","00","462   ","LB",295,0.0001190476,295
"I930000891","ACCRVHX","00","462   ","LB",301,0.0001190476,301
"I930000891","ACCRVHX","00","462   ","LB",310,0.0001190476,310
"I930000891","ACCRVHX","00","462   ","LB",313,0.0001190476,313
"I930000891","ACCRVHX","00","462   ","LB",361,0.0001190476,361
"I930000891","ACCRVHX","00","462   ","LB",371,0.0001190476,371
"I930000891","ACCRVHX","00","462   ","LB",377,0.0001190476,377
"I930000891","ACCRVHX","00","462   ","LB",387,0.0001190476,387
"I930000891","ACCRVHX","00","462   ","LB",469,0.0001190476,469
"I930000891","ACCRVHX","00","462   ","LB",492,0.0001190476,492
"I930000891","ACCRVHX","00","462   ","LB",524,0.0001190476,524
"I930000891","ACCRVHX","00","462   ","LB",541,0.0001190476,541
"I930000891","ACCRVHX","00","462   ","LB",543,0.0001190476,543
"I930000891","ACCRVHX","00","462   ","LB",573,0.0001190476,573
"I930000891","ACCRVHX","00","462   ","LB",597,0.0001190476,597
"I930000891","ACCRVHX","00","462   ","LB",1081,0.0001190476,1081
"I930000891","ACCRVHX","00","462   ","LB",2075,0.0001190476,2075
"I930000891","ACCRVHX","00","494   ","LB",224,0.0002380952,224
"I930000891","ACCRVHX","00","494   ","LB",232,0.0001190476,232
"I930000891","ACCRVHX","00","494   ","LB",307,0.0001190476,307
"I930000891","ACCRVHX","00","494   ","LB",319,0.0001190476,319
"I930000891","ACCRVHX","00","494   ","LB",329,0.0001190476,329
"I930000891","ACCRVHX","00","494   ","LB",341,0.0002380952,341
"I930000891","ACCRVHX","00","494   ","LB",354,0.0002380952,354
"I930000891","ACCRVHX","00","494   ","LB",383,0.0001190476,383
"I930000891","ACCRVHX","00","494   ","LB",395,0.0001190476,395
"I930000891","ACCRVHX","00","494   ","LB",414,0.0001190476,414
"I930000891","ACCRVHX","00","494   ","LB",425,0.0001190476,425
"I930000891","ACCRVHX","00","494   ","LB",440,0.0001190476,440
"I930000891","ACCRVHX","00","494   ","LB",443,0.0001190476,443
"I930000891","ACCRVHX","00","494   ","LB",460,0.0001190476,460
"I930000891","ACCRVHX","00","494   ","LB",516,0.0001190476,516
"I930000891","ACCRVHX","00","494   ","LB",566,0.0001190476,566
"I930000891","ACCRVHX","00","494   ","LB",608,0.0001190476,608
"I930000891","ACCRVHX","00","494   ","LB",702,0.0001190476,702
"I930000891","ACCRVHX","00","494   ","LB",719,0.0001190476,719
"I930000891","ACCRVHX","00","494   ","LB",791,0.0001190476,791
"I930000891","ACCRVHX","00","494   ","LB",805,0.0001190476,805
"I930000891","ACCRVHX","00","494   ","LB",854,0.0001190476,854
"I930000891","ACCRVHX","00","494   ","LB",923,0.0001190476,923
"I930000891","ACCRVHX","00","494   ","LB",930,0.0001190476,930
"I930000891","ACCRVHX","00","494   ","LB",945,0.0001190476,945
"I930000891","ACCRVHX","00","494   ","LB",994,0.0001190476,994
"I930000891","ACCRVHX","00","494   ","LB",1131,0.0001190476,1131
"I930000891","ACCRVHX","00","494   ","LB",1235,0.0001190476,1235
"I930000891","ACCRVHX","00","494   ","LB",1319,0.0001190476,1319
"I930000891","ACCRVHX","00","494   ","LB",1339,0.0001190476,1339
"I930000891","ACCRVHX","00","494   ","LB",1340,0.0001190476,1340
"I930000891","ACCRVHX","00","494   ","LB",1492,0.0001190476,1492
"I930000891","ACCRVHX","00","494   ","LB",1581,0.0001190476,1581
"I930000891","ACCRVHX","00","494   ","LB",1592,0.0002380952,1592
"I930000891","ACCRVHX","00","494   ","LB",1768,0.0001190476,1768
"I930000891","ACCRVHX","00","494   ","LB",2163,0.0001190476,2163
"I930000891","ACCRVHX","00","494   ","LB",3255,0.0001190476,3255
"I930000891","ACCRVHX","00","494   ","LB",3392,0.0001190476,3392
"I930000891","ACCRVHX","00","494   ","LB",4767,0.0001190476,4767
"I930000891","ACCRVHY","00","401   ","LB",1,0.0236428571,1
"I930000891","ACCRVHY","00","402   ","LB",1,0.0023571429,1
"I930000891","ACCRVHY","00","403   ","LB",1,0.009452381,1
"I930000891","ACCRVHY","00","405   ","LB",1,0.0023571429,1
"I930000891","ACCRVHY","00","407   ","LB",1,0.0023571429,1
"I930000891","ACCRVHY","00","409   ","LB",1,0.0070952381,1
"I930000891","ACCRVHY","00","412   ","LB",1,0.0023571429,1
"I930000891","ACCRVHY","00","481   ","LB",1,0.009452381,1
"I930000891","ACCRVHY","00","482   ","LB",1,0.0023571429,1
"I930000891","ACCRVHY","00","484   ","LB",1,0.0047380952,1
"I930000891","ACCRVHZ","00","451   ","LB",1,0.0041904762,1
"I930000891","ACCRVHZ","00","452   ","LB",1,0.0005238095,1
"I930000891","ACCRVHZ","00","453   ","LB",1,0.0036666667,1
"I930000891","ACCRVHZ","00","454   ","LB",1,0.0026190476,1
"I930000891","ACCRVHZ","00","455   ","LB",1,0.0005238095,1
"I930000891","ACCRVHZ","00","456   ","LB",1,0.0026190476,1
"I930000891","ACCRVHZ","00","457   ","LB",1,0.0015714286,1
"I930000891","ACCRVHZ","00","459   ","LB",1,0.0015714286,1
"I930000891","ACCRVHZ","00","461   ","LB",1,0.0005238095,1
"I930000891","ACCRVHZ","00","462   ","LB",1,0.0005238095,1
"I930000891","ACCRVHZ","00","463   ","LB",1,0.0005238095,1
"I930000891","ACCRVHZ","00","491   ","LB",1,0.0005238095,1
"I930000891","ACCRVHZ","00","494   ","LB",1,0.0005238095,1
